"Engine","Line","Method"
"AdvancedLogicEngine","public async Task<string> ConvertIfToSwitchExpressionAsync(string filePath, string methodName, CancellationToken cancell","ConvertIfToSwitchExpressionAsync"
"AdvancedLogicEngine","public async Task<string> ConvertIfToSwitchStatementAsync(string filePath, string methodName, CancellationToken cancella","ConvertIfToSwitchStatementAsync"
"AdvancedLogicEngine","public async Task<string> ExtensionToStaticAsync(string filePath, string methodName, CancellationToken cancellationToken","ExtensionToStaticAsync"
"AdvancedLogicEngine","public async Task<string> ConvertStaticToExtensionAsync(string filePath, string methodName, CancellationToken cancellati","ConvertStaticToExtensionAsync"
"AdvancedLogicEngine","public async Task<string> ConvertForEachToForAsync(string filePath, int line, CancellationToken ct = default)","ConvertForEachToForAsync"
"AdvancedLogicEngine","public async Task<string> ConvertForToForEachAsync(string filePath, int line, CancellationToken ct = default)","ConvertForToForEachAsync"
"AdvancedLogicEngine","public async Task<string> ConvertWhileToForAsync(string filePath, int line, CancellationToken ct = default)","ConvertWhileToForAsync"
"AdvancedRefactoringEngine","public async Task<string> ReplaceStringConcatWithInterpolationAsync(string filePath, CancellationToken cancellationToken","ReplaceStringConcatWithInterpolationAsync"
"AdvancedRefactoringEngine","public async Task<string> OptimizeTaskWaitAsync(string filePath, CancellationToken cancellationToken = default)","OptimizeTaskWaitAsync"
"AdvancedStructuralEngine","public async Task<string> ConvertAbstractClassToInterfaceAsync(string filePath, string className, CancellationToken canc","ConvertAbstractClassToInterfaceAsync"
"AdvancedStructuralEngine","public async Task<string> ReplaceConstructorWithFactoryAsync(string filePath, string className, CancellationToken cancel","ReplaceConstructorWithFactoryAsync"
"AnalysisEngine","public async Task<string> GenerateCallTreeAsync(string filePath, string methodName, int depth = 3, CancellationToken can","GenerateCallTreeAsync"
"AnalysisEngine","public async Task<string> GenerateEqualityOverridesAsync(string filePath, string className, CancellationToken cancellati","GenerateEqualityOverridesAsync"
"ApiAutomationEngine","public async Task<string> GenerateHttpClientForControllerAsync(string filePath, string controllerName, CancellationToken","GenerateHttpClientForControllerAsync"
"ApiIntegrationEngine","public async Task<string> AddValidationToPocoAsync(string filePath, string className, CancellationToken cancellationToke","AddValidationToPocoAsync"
"ArchitecturalEngine","public async Task<string> ConvertToBackgroundServiceAsync(string filePath, string className, CancellationToken cancellat","ConvertToBackgroundServiceAsync"
"AsyncOptimizationEngine","public async Task<string> OptimizeToValueTaskAsync(string filePath, string methodName, CancellationToken cancellationTok","OptimizeToValueTaskAsync"
"AsyncOptimizationEngine","public async Task<string> OptimizeIndependentAwaitsAsync(string filePath, string methodName, CancellationToken cancellat","OptimizeIndependentAwaitsAsync"
"AsyncOptimizationEngine","public async Task<string> GenerateAsyncOverloadAsync(string filePath, string methodName, CancellationToken cancellationT","GenerateAsyncOverloadAsync"
"AsyncOptimizationEngine","public async Task<string> AddConfigureAwaitFalseAsync(string filePath, bool libraryMode = true, CancellationToken cancel","AddConfigureAwaitFalseAsync"
"AsyncOptimizationEngine","public async Task<string> RemoveConfigureAwaitFalseAsync(string filePath, CancellationToken cancellationToken = default)","RemoveConfigureAwaitFalseAsync"
"AsyncOptimizationEngine","public async Task<string> ConvertToAsyncEnumerableAsync(string filePath, string methodName, CancellationToken cancellati","ConvertToAsyncEnumerableAsync"
"AsyncOptimizationEngine","public async Task<string> AddCancellationTokenToMethodAsync(string filePath, string methodName, CancellationToken cancel","AddCancellationTokenToMethodAsync"
"CodeFlowEngine","public async Task<string> ReduceBlockDepthAsync(string filePath, string methodName, CancellationToken cancellationToken ","ReduceBlockDepthAsync"
"CodeGenerationEngine","public async Task<string> GenerateConstructorAsync(string filePath, string className, CancellationToken ct = default)","GenerateConstructorAsync"
"CodeGenerationEngine","public async Task<GenerateToStringResult> GenerateToStringAsync(","GenerateToStringAsync"
"CodeGenerationEngine","public async Task<string> GenerateDefaultConfigJsonAsync(string projectName, CancellationToken cancellationToken = defau","GenerateDefaultConfigJsonAsync"
"CodeGenerationEngine","public async Task<RepositoryInterfaceResult> GenerateRepositoryInterfaceAsync(","GenerateRepositoryInterfaceAsync"
"CodeGenerationEngine","public async Task<FluentBuilderResult> GenerateFluentBuilderAsync(","GenerateFluentBuilderAsync"
"CodeGenerationEngine","public async Task<DecoratorResult?> GenerateDecoratorClassAsync(","GenerateDecoratorClassAsync"
"CodeGenerationEngine","public async Task<string> ImplementInterfaceAsync(string filePath, string className, string interfaceName, CancellationT","ImplementInterfaceAsync"
"CodeGenerationEngine","public async Task<string> ConvertPropertySafeAsync(","ConvertPropertySafeAsync"
"CodeGenerationEngine","public async Task<string> InterpolateStringAsync(","InterpolateStringAsync"
"CodeHealingEngine","public async Task<string> FixThreadSleepAsync(string filePath, CancellationToken ct = default)","FixThreadSleepAsync"
"CodeHealingEngine","public async Task<string> AddRetryPolicyAsync(string f, int sl, int el, int rc) => """";","AddRetryPolicyAsync"
"CodeSmellAndStyleEngine","public async Task<string> UseSwitchExpressionAsync(string filePath, CancellationToken cancellationToken = default)","UseSwitchExpressionAsync"
"CodeStyleEngine","public async Task<string> FixDangerousLockAsync(string filePath, CancellationToken ct = default)","FixDangerousLockAsync"
"CodeStyleEngine","public async Task<string> ConvertPropertyToMethodsAsync(string filePath, string propertyName, CancellationToken ct = def","ConvertPropertyToMethodsAsync"
"CodeStyleEngine","public async Task<string> SimplifyVerbosityAsync(string filePath, CancellationToken ct = default)","SimplifyVerbosityAsync"
"CodeStyleEngine","public async Task<string> UseCollectionExpressionsAsync(string filePath, CancellationToken ct = default)","UseCollectionExpressionsAsync"
"CodeStyleEngine","public async Task<string> UseTimeProviderAsync(string filePath, CancellationToken ct = default)","UseTimeProviderAsync"
"CodeStyleEngine","public async Task<string> SimplifyAllNamesAsync(string filePath, CancellationToken ct = default)","SimplifyAllNamesAsync"
"CodeStyleEngine","public async Task<string> UseIndexFromEndAsync(string filePath, CancellationToken ct = default)","UseIndexFromEndAsync"
"ControlFlowEngine","public async Task<PathCoverageReport> AnalyzePathCoverageAsync(string filePath, string methodName, CancellationToken can","AnalyzePathCoverageAsync"
"ControlFlowEngine","public async Task<ControlFlowAnalysisResult> AnalyzeMethodControlFlowAsync(","AnalyzeMethodControlFlowAsync"
"ControlFlowEngine","public async Task<DataFlowAnalysisResult> AnalyzeMethodDataFlowAsync(","AnalyzeMethodDataFlowAsync"
"DependencyEngine","public async Task<ProjectDependencyReport> GetProjectDependenciesAsync(string projectName)","GetProjectDependenciesAsync"
"DependencyInjectionEngine","public async Task<string> AddDependencyAsync(string filePath, string className, string dependencyType, string dependency","AddDependencyAsync"
"DiscoveryEngine","public async Task<BestInsertionResult> FindBestInsertionPointAsync(","FindBestInsertionPointAsync"
"DiscoveryEngine","public async Task<RenameImpactPreview> PreviewRenameImpactAsync(","PreviewRenameImpactAsync"
"DocumentationEngine","public async Task<string> GenerateXmlDocumentationStubsAsync(string filePath, CancellationToken cancellationToken = defa","GenerateXmlDocumentationStubsAsync"
"DocumentationEngine","public async Task<string> DocumentPocoFieldsAsync(string filePath, string className, CancellationToken cancellationToken","DocumentPocoFieldsAsync"
"GranularRefactoringEngine","public async Task<string> RunMicroRefactoringAsync(string filePath, string refactoringId, int line, CancellationToken ca","RunMicroRefactoringAsync"
"GranularRefactoringEngine","public async Task<string> InlineFieldAsync(string filePath, string fieldName, CancellationToken cancellationToken = defa","InlineFieldAsync"
"GranularRefactoringEngine","public async Task<string> InlineParameterAsync(string filePath, string methodName, string parameterName, CancellationTok","InlineParameterAsync"
"GranularRefactoringEngine","public async Task<string> ConvertMethodToIndexerAsync(string filePath, string methodName, CancellationToken cancellation","ConvertMethodToIndexerAsync"
"GranularRefactoringEngine","public async Task<string> IntroduceFieldAsync(string filePath, string contextSnippet, string newFieldName, string? lineB","IntroduceFieldAsync"
"GranularRefactoringEngine","public async Task<string> IntroduceParameterAsync(string filePath, string contextSnippet, string newParamName, string? l","IntroduceParameterAsync"
"GranularRefactoringEngine","public async Task<string> IntroduceVariableAsync(string filePath, string contextSnippet, string newVariableName, string?","IntroduceVariableAsync"
"GranularRefactoringEngine","public async Task<string> MoveTypeToOuterScopeAsync(string filePath, string nestedTypeName, CancellationToken cancellati","MoveTypeToOuterScopeAsync"
"GranularRefactoringEngine","public async Task<string> IntroduceParameterObjectAsync(","IntroduceParameterObjectAsync"
"HealthOrchestrationEngine","public async Task<ComprehensiveHealthReport> GenerateComprehensiveHealthReportAsync(","GenerateComprehensiveHealthReportAsync"
"IDEStyleEngine","public async Task<string> SimplifyMemberAccessAsync(string filePath, CancellationToken cancellationToken = default)","SimplifyMemberAccessAsync"
"IDEStyleEngine","public async Task<string> UseObjectInitializersAsync(string filePath, CancellationToken cancellationToken = default)","UseObjectInitializersAsync"
"IDEStyleEngine","public async Task<string> UseNullPropagationAsync(string filePath, CancellationToken cancellationToken = default)","UseNullPropagationAsync"
"ImmutabilityEngine","public async Task<string> MakeClassImmutableAsync(string filePath, string className, CancellationToken cancellationToken","MakeClassImmutableAsync"
"ImpactAnalyzer","public async Task<ImpactReport> AnalyzeImpactAsync(string filePath, string contextSnippet, string? lineBefore = null, st","AnalyzeImpactAsync"
"ImpactAnalyzer","public async Task<ImpactReport> FindDerivedTypesAsync(string filePath, int line, int column, CancellationToken cancellat","FindDerivedTypesAsync"
"ImpactAnalyzer","public async Task<ImpactReport> FindImplementationsAsync(string filePath, int line, int column, CancellationToken cancel","FindImplementationsAsync"
"InstrumentationEngine","public async Task<string> AddTryCatchToMethodAsync(string filePath, string methodName, string exceptionType = ""Exception","AddTryCatchToMethodAsync"
"InstrumentationEngine","public async Task<string> AddTryCatchToClassAsync(string filePath, string className, string exceptionType = ""Exception"",","AddTryCatchToClassAsync"
"InstrumentationEngine","public async Task<string> AddStopwatchDiagnosticsAsync(string filePath, string methodName, CancellationToken cancellatio","AddStopwatchDiagnosticsAsync"
"InventoryEngine","public async Task<CodeInventoryReport> GetCodeInventoryAsync(string filePath, CancellationToken cancellationToken = defa","GetCodeInventoryAsync"
"LogicOptimizationEngine","public async Task<string> SimplifyBooleanExpressionsAsync(string filePath, CancellationToken cancellationToken = default","SimplifyBooleanExpressionsAsync"
"LogicOptimizationEngine","public async Task<string> AddGuardClausesAsync(string filePath, string methodName, CancellationToken cancellationToken =","AddGuardClausesAsync"
"MappingEngine","public async Task<string> GenerateMappingAsync(string filePath, string fromType, string toType, CancellationToken cancel","GenerateMappingAsync"
"MappingEngine","public async Task<string> InvertAssignmentsAsync(string filePath, int startLine, int endLine, CancellationToken cancella","InvertAssignmentsAsync"
"MetricsEngine","public async Task<SolutionMetrics> GetSolutionMetricsAsync(string? projectName = null, CancellationToken cancellationTok","GetSolutionMetricsAsync"
"ModernizationEngine","public async Task<string> ClassToRecordAsync(string filePath, string className, CancellationToken cancellationToken = de","ClassToRecordAsync"
"ModernizationEngine","public async Task<string> RecordToClassAsync(string filePath, string recordName, CancellationToken cancellationToken = d","RecordToClassAsync"
"ModernizationEngine","public async Task<string> ConvertMethodToExpressionBodyAsync(string filePath, string methodName, CancellationToken ct = ","ConvertMethodToExpressionBodyAsync"
"ModernizationUpgradeEngine","public async Task<string> UseSpanForParsingAsync(string filePath, string methodName, CancellationToken cancellationToken","UseSpanForParsingAsync"
"ModernizationUpgradeEngine","public async Task<string> UpgradePatternMatchingAsync(string filePath, CancellationToken cancellationToken = default)","UpgradePatternMatchingAsync"
"ModernizationUpgradeEngine","public async Task<string> UseThrowExpressionsAsync(string filePath, CancellationToken cancellationToken = default)","UseThrowExpressionsAsync"
"ModernLoggingEngine","public async Task<string> ConvertToSourceGeneratedLoggingAsync(string filePath, string className, CancellationToken canc","ConvertToSourceGeneratedLoggingAsync"
"MsToolAugmentEngine","public async Task<MsAugmentResult> EncapsulateFieldSafeAsync(","EncapsulateFieldSafeAsync"
"MsToolAugmentEngine","public async Task<SwitchConversionAnalysis> AnalyzeSwitchForPatternConversionAsync(","AnalyzeSwitchForPatternConversionAsync"
"MsToolAugmentEngine","public async Task<MsAugmentResult> ConvertSwitchToPatternSafeAsync(","ConvertSwitchToPatternSafeAsync"
"MsToolAugmentEngine","public async Task<MsAugmentResult> ConvertStringFormatToInterpolatedSmartAsync(","ConvertStringFormatToInterpolatedSmartAsync"
"MsToolAugmentEngine","public async Task<UsingsCleanupResult> SortAndDeduplicateUsingsAsync(","SortAndDeduplicateUsingsAsync"
"MsToolAugmentEngine","public async Task<MsAugmentResult> FormatDocumentSafeAsync(","FormatDocumentSafeAsync"
"MsToolAugmentEngine","public async Task<ForeachLinqAnalysis> AnalyzeForeachForLinqConversionAsync(","AnalyzeForeachForLinqConversionAsync"
"MsToolAugmentEngine","public async Task<AddUsingsPreview> PreviewAddMissingUsingsAsync(","PreviewAddMissingUsingsAsync"
"MsToolAugmentEngine","public async Task<MsAugmentResult> ExtractConstantSafeAsync(","ExtractConstantSafeAsync"
"ProjectStructureEngine","public async Task<string> FixMismatchedNamespacesAsync(string filePath, CancellationToken cancellationToken = default)","FixMismatchedNamespacesAsync"
"ProjectStructureEngine","public async Task<string> MoveFileToNamespaceFolderAsync(string filePath, CancellationToken cancellationToken = default)","MoveFileToNamespaceFolderAsync"
"RefactoringEngine","public async Task<string> FormatDocumentAsync(string filePath, CancellationToken ct = default)","FormatDocumentAsync"
"RefactoringEngine","public async Task<ExtractMethodResult> ExtractMethodAsync(","ExtractMethodAsync"
"RefactoringEngine","public async Task<RenameSymbolResult> RenameSymbolAsync(string filePath, string symbolName, string contextSnippet, strin","RenameSymbolAsync"
"RefactoringEngine","public async Task<string> ConvertIndexerToMethodAsync(string filePath, CancellationToken ct = default)","ConvertIndexerToMethodAsync"
"RefactoringEngine","public async Task<string> AddRemoveParamsAsync(string filePath, string methodName, CancellationToken ct = default)","AddRemoveParamsAsync"
"RefactoringEngine","public async Task<string> ReplaceMemberAsync(string filePath, string memberName, string newSource, CancellationToken ct ","ReplaceMemberAsync"
"RefactoringEngine","public async Task<string> AddMemberAsync(string filePath, string containerName, string newMemberSource, CancellationToke","AddMemberAsync"
"RefactoringEngine","public async Task<string> RemoveMemberAsync(string filePath, string memberName, CancellationToken ct = default)","RemoveMemberAsync"
"RefactoringEngine","public async Task<string> ConvertToPrimaryConstructorAsync(string filePath, string className, CancellationToken ct = def","ConvertToPrimaryConstructorAsync"
"RefactoringEngine","public async Task<string> ConvertExpressionBodyAsync(string filePath, string memberName, string direction, string? conte","ConvertExpressionBodyAsync"
"RefactoringEngine","public async Task<string> ExtractConstantAsync(string filePath, string contextSnippet, string constantName, string visib","ExtractConstantAsync"
"RefactoringEngine","public async Task<ControlFlowSummary> AnalyzeControlFlowAsync(string filePath, string methodName, string? contextSnippet","AnalyzeControlFlowAsync"
"RefactoringEngine","public async Task<DataFlowSummary> AnalyzeDataFlowAsync(string filePath, string methodName, string? contextSnippet = nul","AnalyzeDataFlowAsync"
"RefactoringEngine","public async Task<string> AddUsingDirectiveAsync(string filePath, string namespaceName, CancellationToken ct = default) ","AddUsingDirectiveAsync"
"RefactoringEngine","public async Task<string> AddEnumValueAsync(string filePath, string enumName, string valueName, int? explicitValue = nul","AddEnumValueAsync"
"RefactoringEngine","public async Task<string> InsertMemberAfterAsync(string filePath, string containerName, string afterMemberName, string n","InsertMemberAfterAsync"
"RefactoringEngine","public async Task<string> InsertMemberBeforeAsync(string filePath, string containerName, string beforeMemberName, string","InsertMemberBeforeAsync"
"RefactoringEngine","public async Task<string> AddAttributeAsync(string filePath, string targetName, string attributeSource, CancellationToke","AddAttributeAsync"
"RefactoringEngine","public async Task<string> AddBaseTypeAsync(string filePath, string typeName, string baseTypeName, CancellationToken ct =","AddBaseTypeAsync"
"RefactoringEngine","public async Task<string> RemoveAttributeAsync(string filePath, string targetName, string attributeName, CancellationTok","RemoveAttributeAsync"
"RefactoringEngine","public async Task<string> RemoveBaseTypeAsync(string filePath, string typeName, string baseTypeName, CancellationToken c","RemoveBaseTypeAsync"
"RefactoringEngine","public async Task<string> ChangeAccessibilityAsync(string filePath, string targetName, string accessibility, Cancellatio","ChangeAccessibilityAsync"
"RefactoringEngine","public async Task<string> AddModifierAsync(string filePath, string targetName, string modifier, CancellationToken ct = d","AddModifierAsync"
"RefactoringEngine","public async Task<string> RemoveModifierAsync(string filePath, string targetName, string modifier, CancellationToken ct ","RemoveModifierAsync"
"RefactoringEngine","public async Task<string> AddSummaryCommentAsync(string filePath, string targetName, string summaryText, CancellationTok","AddSummaryCommentAsync"
"RefactoringEngine","public async Task<string> AddPropertyAsync(string filePath, string containerName, string propertyName, string propertyTy","AddPropertyAsync"
"RefactoringEngine","public async Task<string> AddFieldAsync(string filePath, string containerName, string fieldName, string fieldType, strin","AddFieldAsync"
"RefactoringEngine","public async Task<string> SortMembersAsync(string filePath, string containerName, CancellationToken ct = default)","SortMembersAsync"
"RefactoringEngine","public async Task<string> WrapInTryCatchAsync(string filePath, int startLine, int endLine, string exceptionType = ""Excep","WrapInTryCatchAsync"
"RefactoringEngine","public async Task<string> AddConstructorParameterAsync(string filePath, string className, string paramName, string param","AddConstructorParameterAsync"
"RefactoringEngine","public async Task<string> WrapInRegionAsync(string filePath, int startLine, int endLine, string regionName, Cancellation","WrapInRegionAsync"
"RefactoringEngine","public async Task<string> SyncInterfaceToImplementationAsync(string filePath, string className, string interfaceName, Ca","SyncInterfaceToImplementationAsync"
"RefactoringEngine","public async Task<string> UpdateXmlDocsFromSignatureAsync(string filePath, string methodName, CancellationToken ct = def","UpdateXmlDocsFromSignatureAsync"
"RefactoringEngine","public async Task<FormatPreviewResult> FormatDocumentPreviewAsync(string filePath, CancellationToken ct = default)","FormatDocumentPreviewAsync"
"RefinementEngine","public async Task<string> InlineMethodAsync(string filePath, string methodName, CancellationToken cancellationToken = de","InlineMethodAsync"
"SemanticRefactoringLibrary","public async Task<string> InlineVariableAsync(string filePath, string variableName, CancellationToken cancellationToken ","InlineVariableAsync"
"SemanticRefactoringLibrary","public async Task<string> ConvertPropertyToMethodsAsync(string filePath, string className, string propertyName, Cancella","ConvertPropertyToMethodsAsync"
"SemanticRefactoringLibrary","public async Task<string> WrapInUsingAsync(string filePath, int startLine, int endLine, string disposalName, Cancellatio","WrapInUsingAsync"
"SentinelAugmentTools","public async Task<MsAugmentResult> EncapsulateFieldSafe(","EncapsulateFieldSafe"
"SentinelAugmentTools","public async Task<SwitchConversionAnalysis> AnalyzeSwitchForPatternConversion(","AnalyzeSwitchForPatternConversion"
"SentinelAugmentTools","public async Task<MsAugmentResult> ConvertSwitchToPatternSafe(","ConvertSwitchToPatternSafe"
"SentinelAugmentTools","public async Task<MsAugmentResult> ConvertStringFormatToInterpolatedSmart(","ConvertStringFormatToInterpolatedSmart"
"SentinelAugmentTools","public async Task<UsingsCleanupResult> SortAndDeduplicateUsings(string filePath)","SortAndDeduplicateUsings"
"SentinelAugmentTools","public async Task<MsAugmentResult> FormatDocumentSafe(string filePath, bool preview = true)","FormatDocumentSafe"
"SentinelAugmentTools","public async Task<ForeachLinqAnalysis> AnalyzeForeachForLinqConversion(","AnalyzeForeachForLinqConversion"
"SentinelAugmentTools","public async Task<WorkspaceHealthReport> GetWorkspaceHealth()","GetWorkspaceHealth"
"SentinelAugmentTools","public async Task<AddUsingsPreview> PreviewAddMissingUsings(string filePath)","PreviewAddMissingUsings"
"SentinelAugmentTools","public async Task<MsAugmentResult> ExtractConstantSafe(","ExtractConstantSafe"
"SentinelGenerationTools","public async Task<string> GenerateHttpClient(string filePath, string controllerName)","GenerateHttpClient"
"SentinelGenerationTools","public async Task<string> GenerateConstructor(string filePath, string className)","GenerateConstructor"
"SentinelGenerationTools","public async Task<CodeGenerationEngine.GenerateToStringResult> GenerateToString(","GenerateToString"
"SentinelGenerationTools","public async Task<RepositoryInterfaceResult> GenerateRepositoryInterface(string filePath, string className)","GenerateRepositoryInterface"
"SentinelGenerationTools","public async Task<FluentBuilderResult> GenerateFluentBuilder(string filePath, string className)","GenerateFluentBuilder"
"SentinelGenerationTools","public async Task<DecoratorResult?> GenerateDecoratorClass(string interfaceName, string decoratorPrefix = ""Logging"", str","GenerateDecoratorClass"
"SentinelGenerationTools","public async Task<string> GenerateDefaultConfigJson(string projectName)","GenerateDefaultConfigJson"
"SentinelGenerationTools","public async Task<string> GenerateAsyncOverload(string filePath, string methodName)","GenerateAsyncOverload"
"SentinelGenerationTools","public async Task<string> AddValidationToPoco(string filePath, string className)","AddValidationToPoco"
"SentinelGenerationTools","public async Task<string> ImplementInterfaceSafe(string filePath, string className, string interfaceName)","ImplementInterfaceSafe"
"SentinelGenerationTools","public async Task<string> ConvertPropertySafe(","ConvertPropertySafe"
"SentinelGenerationTools","public async Task<string> InterpolateStringSafe(string filePath, string contextSnippet, string? lineBefore = null, strin","InterpolateStringSafe"
"SentinelIntelligenceTools","public async Task<ComprehensiveHealthReport> GetComprehensiveHealthReport(","GetComprehensiveHealthReport"
"SentinelIntelligenceTools","[Description(""Gets the blast radius (impact analysis) of changing a symbol. Provide contextSnippet: a verbatim substring","GetById"
"SentinelIntelligenceTools","public async Task<ImpactReport> GetBlastRadius(string filePath, string contextSnippet, string? lineBefore = null, string","GetBlastRadius"
"SentinelIntelligenceTools","public async Task<SolutionMetrics> GetSolutionMetrics(string? projectName = null) => await _metricsEngine.GetSolutionMet","GetSolutionMetrics"
"SentinelIntelligenceTools","public async Task<CodeInventoryReport> GetCodeInventory(string filePath) => await _inventoryEngine.GetCodeInventoryAsync","GetCodeInventory"
"SentinelIntelligenceTools","public async Task<string> GenerateCallTree(string filePath, string methodName, int depth = 3)","GenerateCallTree"
"SentinelIntelligenceTools","public async Task<string> DocumentPocoFields(string filePath, string className)","DocumentPocoFields"
"SentinelIntelligenceTools","public async Task<string> GenerateEqualityOverrides(string filePath, string className)","GenerateEqualityOverrides"
"SentinelIntelligenceTools","public async Task<SymbolHoverInfo?> GetSymbolInfo(string filePath, string contextSnippet, string? lineBefore = null, str","GetSymbolInfo"
"SentinelIntelligenceTools","public async Task<CallGraphNode?> GetCallGraph(","GetCallGraph"
"SentinelIntelligenceTools","public async Task<ReverseCallGraphNode?> GetReverseCallGraph(string filePath, string methodName, int maxDepth = 3)","GetReverseCallGraph"
"SentinelIntelligenceTools","public async Task<string> ConvertToBackgroundService(string filePath, string className)","ConvertToBackgroundService"
"SentinelIntelligenceTools","public async Task<string> FixMismatchedNamespaces(string filePath)","FixMismatchedNamespaces"
"SentinelIntelligenceTools","public async Task<string> MoveFileToNamespaceFolder(string filePath)","MoveFileToNamespaceFolder"
"SentinelIntelligenceTools","public async Task<BestInsertionResult> FindBestInsertionPoint(string filePath, string containerName, string memberKind)","FindBestInsertionPoint"
"SentinelIntelligenceTools","public async Task<RenameImpactPreview> PreviewRenameImpact(string filePath, string symbolName, string? contextSnippet = ","PreviewRenameImpact"
"SentinelModernizationTools","public async Task<string> FixThreadSleep(string filePath)","FixThreadSleep"
"SentinelModernizationTools","public async Task<string> AddBraces(string filePath)","AddBraces"
"SentinelModernizationTools","public async Task<string> UpgradePatternMatching(string filePath)","UpgradePatternMatching"
"SentinelModernizationTools","public async Task<string> UseIndexFromEnd(string filePath)","UseIndexFromEnd"
"SentinelModernizationTools","public async Task<string> UpgradeUnboundNameof(string filePath, string contextSnippet, string? lineBefore = null, string","UpgradeUnboundNameof"
"SentinelModernizationTools","public async Task<string> UseFieldBackedProperties(string filePath)","UseFieldBackedProperties"
"SentinelModernizationTools","public async Task<string> ClassToRecord(string filePath, string className)","ClassToRecord"
"SentinelModernizationTools","public async Task<string> RecordToClass(string filePath, string recordName)","RecordToClass"
"SentinelModernizationTools","public async Task<string> SimplifyVerbosity(string filePath)","SimplifyVerbosity"
"SentinelModernizationTools","public async Task<string> UpgradeThreadSafety(string filePath)","UpgradeThreadSafety"
"SentinelModernizationTools","public async Task<string> UseTimeProvider(string filePath)","UseTimeProvider"
"SentinelModernizationTools","public async Task<object> ModernizeExceptions(List<CodeHealingEngine.ExceptionTarget> targets, bool autoStage = true)","ModernizeExceptions"
"SentinelModernizationTools","public async Task<string> UpgradeToModernGuards(string filePath)","UpgradeToModernGuards"
"SentinelModernizationTools","public async Task<string> ConvertSwitchToExpression(string filePath, string methodName)","ConvertSwitchToExpression"
"SentinelModernizationTools","public async Task<string> CleanupImplicitSpans(string filePath)","CleanupImplicitSpans"
"SentinelModernizationTools","public async Task<string> ConvertToSourceGeneratedLogging(string filePath, string className)","ConvertToSourceGeneratedLogging"
"SentinelModernizationTools","public async Task<string> SimplifyBooleanExpressions(string filePath)","SimplifyBooleanExpressions"
"SentinelModernizationTools","public async Task<string> SimplifyMemberAccess(string filePath)","SimplifyMemberAccess"
"SentinelModernizationTools","public async Task<string> MakeClassImmutable(string filePath, string className)","MakeClassImmutable"
"SentinelModernizationTools","public async Task<string> ConvertStaticToExtension(string filePath, string methodName)","ConvertStaticToExtension"
"SentinelModernizationTools","public async Task<string> OptimizeToValueTask(string filePath, string methodName)","OptimizeToValueTask"
"SentinelModernizationTools","public async Task<string> OptimizeIndependentAwaits(string filePath, string methodName)","OptimizeIndependentAwaits"
"SentinelModernizationTools","public async Task<string> UpgradeToPrimaryConstructor(string filePath, string className)","UpgradeToPrimaryConstructor"
"SentinelModernizationTools","public async Task<string> UseExceptionExpressions(string filePath, string methodName)","UseExceptionExpressions"
"SentinelQualityTools","public async Task<TestSkeletonReport> GenerateTestSkeleton(string filePath, string className)","GenerateTestSkeleton"
"SentinelQualityTools","public async Task<TestScaffoldResult> GenerateTestScaffold(string filePath, string className)","GenerateTestScaffold"
"SentinelQualityTools","public async Task<PathCoverageReport> AnalyzePathCoverage(string filePath, string methodName)","AnalyzePathCoverage"
"SentinelQualityTools","public async Task<string> AddGuardClauses(string filePath, string methodName)","AddGuardClauses"
"SentinelQualityTools","public async Task<string> AddBenchmarkStub(string filePath, string className, string methodName)","AddBenchmarkStub"
"SentinelQualityTools","public async Task<ControlFlowAnalysisResult> AnalyzeMethodControlFlow(","AnalyzeMethodControlFlow"
"SentinelQualityTools","public async Task<DataFlowAnalysisResult> AnalyzeMethodDataFlow(","AnalyzeMethodDataFlow"
"SentinelQualityTools","public async Task<string> AddConfigureAwaitFalse(string filePath, bool libraryMode = true)","AddConfigureAwaitFalse"
"SentinelQualityTools","public async Task<string> RemoveConfigureAwaitFalse(string filePath)","RemoveConfigureAwaitFalse"
"SentinelQualityTools","public async Task<string> ConvertLockToSemaphoreSlim(string filePath, string methodName)","ConvertLockToSemaphoreSlim"
"SentinelQualityTools","public async Task<string> ConvertToAsyncEnumerable(string filePath, string methodName)","ConvertToAsyncEnumerable"
"SentinelQualityTools","public async Task<string> AddCancellationTokenToMethod(string filePath, string methodName)","AddCancellationTokenToMethod"
"SentinelQualityTools","public async Task<string> MakeMethodThreadSafe(string filePath, string methodName, string lockFieldName = ""_lock"")","MakeMethodThreadSafe"
"SentinelQualityTools","public async Task<DiagnosticsSummaryResult> GetDiagnosticsSummary(","GetDiagnosticsSummary"
"SentinelRefactoringTools","public async Task<object> ExtractSuperclass(string[] filePaths, string[] classNames, string newBaseClassName, bool autoS","ExtractSuperclass"
"SentinelRefactoringTools","public async Task<string> SyncTypeAndFilename(string filePath)","SyncTypeAndFilename"
"SentinelRefactoringTools","public async Task<object> SafeDeleteSymbol(string filePath, string contextSnippet, bool autoStage = true, string? lineBe","SafeDeleteSymbol"
"SentinelRefactoringTools","public async Task<string> InlineMethod(string filePath, string methodName)","InlineMethod"
"SentinelRefactoringTools","public async Task<object> ChangeSignature(string filePath, string methodName, int[] newParameterOrder, bool autoStage = ","ChangeSignature"
"SentinelRefactoringTools","public async Task<ExtractMethodResult> ExtractMethod(","ExtractMethod"
"SentinelRefactoringTools","public async Task<string> IntroduceField(string filePath, string contextSnippet, string newFieldName, string? lineBefore","IntroduceField"
"SentinelRefactoringTools","public async Task<string> IntroduceParameter(string filePath, string contextSnippet, string newParamName, string? lineBe","IntroduceParameter"
"SentinelRefactoringTools","public async Task<string> InlineField(string filePath, string fieldName)","InlineField"
"SentinelRefactoringTools","public async Task<string> InlineParameter(string filePath, string methodName, string parameterName)","InlineParameter"
"SentinelRefactoringTools","public async Task<string> MakeMethodStatic(string filePath, string methodName)","MakeMethodStatic"
"SentinelRefactoringTools","public async Task<string> ExtensionToStatic(string filePath, string methodName)","ExtensionToStatic"
"SentinelRefactoringTools","""Example: symbolName=\""GetById\"", contextSnippet=\""public async Task<Product?> GetById(\"". "" +","GetById"
"SentinelRefactoringTools","public async Task<object> RenameSymbol(string filePath, string symbolName, string contextSnippet, string newName, bool a","RenameSymbol"
"SentinelRefactoringTools","public async Task<object> ExtractInterface(string filePath, string className, string interfaceName, bool autoStage = tru","ExtractInterface"
"SentinelRefactoringTools","public async Task<object> MoveTypeToFile(string filePath, string typeName, bool autoStage = true)","MoveTypeToFile"
"SentinelRefactoringTools","public async Task<string> ConvertAbstractToInterface(string filePath, string className)","ConvertAbstractToInterface"
"SentinelRefactoringTools","public async Task<string> GenerateMapping(string filePath, string fromType, string toType)","GenerateMapping"
"SentinelRefactoringTools","public async Task<string> WrapInUsing(string filePath, int startLine, int endLine, string disposalName)","WrapInUsing"
"SentinelRefactoringTools","public async Task<string> IntroduceVariable(string filePath, string contextSnippet, string newVariableName, string? line","IntroduceVariable"
"SentinelRefactoringTools","public async Task<string> InlineVariable(string filePath, string variableName)","InlineVariable"
"SentinelRefactoringTools","public async Task<string> ConvertPropertyToMethods(string filePath, string propertyName)","ConvertPropertyToMethods"
"SentinelRefactoringTools","public async Task<string> ConvertMethodToIndexer(string filePath, string methodName)","ConvertMethodToIndexer"
"SentinelRefactoringTools","public async Task<string> MoveTypeToOuterScope(string filePath, string typeName)","MoveTypeToOuterScope"
"SentinelRefactoringTools","public async Task<object> MoveAllTypesToFiles(string filePath, bool autoStage = true)","MoveAllTypesToFiles"
"SentinelRefactoringTools","public async Task<object> MoveAllTypesToFilesInProject(string projectName, bool autoStage = true)","MoveAllTypesToFilesInProject"
"SentinelRefactoringTools","public async Task<object> MoveAllTypesToFilesInSolution(bool autoStage = true)","MoveAllTypesToFilesInSolution"
"SentinelRefactoringTools","public async Task<string> ReplaceMember(string filePath, string memberName, string newSource)","ReplaceMember"
"SentinelRefactoringTools","public async Task<string> AddMemberToClass(string filePath, string containerName, string newMemberSource)","AddMemberToClass"
"SentinelRefactoringTools","public async Task<string> RemoveMember(string filePath, string memberName)","RemoveMember"
"SentinelRefactoringTools","public async Task<object> AddUsingDirective(string filePath, string namespaceName, bool autoStage = true)","AddUsingDirective"
"SentinelRefactoringTools","public async Task<object> AddEnumValue(string filePath, string enumName, string valueName, int? explicitValue = null, bo","AddEnumValue"
"SentinelRefactoringTools","public async Task<object> InsertMemberAfter(string filePath, string containerName, string afterMemberName, string newMem","InsertMemberAfter"
"SentinelRefactoringTools","public async Task<object> InsertMemberBefore(string filePath, string containerName, string beforeMemberName, string newM","InsertMemberBefore"
"SentinelRefactoringTools","public async Task<object> AddAttribute(string filePath, string targetName, string attributeSource, bool autoStage = true","AddAttribute"
"SentinelRefactoringTools","public async Task<object> AddBaseType(string filePath, string typeName, string baseTypeName, bool autoStage = true)","AddBaseType"
"SentinelRefactoringTools","public async Task<string> ReplaceConstructorWithFactory(string filePath, string className)","ReplaceConstructorWithFactory"
"SentinelRefactoringTools","public async Task<string> InvertAssignments(string filePath, int startLine, int endLine)","InvertAssignments"
"SentinelRefactoringTools","public async Task<string> ReduceBlockDepth(string filePath, string methodName)","ReduceBlockDepth"
"SentinelRefactoringTools","public async Task<string> OptimizeTaskWait(string filePath)","OptimizeTaskWait"
"SentinelRefactoringTools","public async Task<object> PullUpMember(string filePath, string className, string memberName, bool autoStage = true)","PullUpMember"
"SentinelRefactoringTools","public async Task<object> RemoveAttribute(string filePath, string targetName, string attributeName, bool autoStage = tru","RemoveAttribute"
"SentinelRefactoringTools","public async Task<object> RemoveBaseType(string filePath, string typeName, string baseTypeName, bool autoStage = true)","RemoveBaseType"
"SentinelRefactoringTools","public async Task<object> ChangeAccessibility(string filePath, string targetName, string accessibility, bool autoStage =","ChangeAccessibility"
"SentinelRefactoringTools","public async Task<object> AddModifier(string filePath, string targetName, string modifier, bool autoStage = true)","AddModifier"
"SentinelRefactoringTools","public async Task<object> RemoveModifier(string filePath, string targetName, string modifier, bool autoStage = true)","RemoveModifier"
"SentinelRefactoringTools","public async Task<object> AddSummaryComment(string filePath, string targetName, string summaryText, bool autoStage = tru","AddSummaryComment"
"SentinelRefactoringTools","public async Task<object> AddProperty(string filePath, string containerName, string propertyName, string propertyType, s","AddProperty"
"SentinelRefactoringTools","public async Task<object> AddField(string filePath, string containerName, string fieldName, string fieldType, string acc","AddField"
"SentinelRefactoringTools","public async Task<object> SortMembers(string filePath, string containerName, bool autoStage = true)","SortMembers"
"SentinelRefactoringTools","public async Task<object> WrapInTryCatch(string filePath, int startLine, int endLine, string exceptionType = ""Exception""","WrapInTryCatch"
"SentinelRefactoringTools","public async Task<object> AddConstructorParameter(string filePath, string className, string paramName, string paramType,","AddConstructorParameter"
"SentinelRefactoringTools","public async Task<object> WrapInRegion(string filePath, int startLine, int endLine, string regionName, bool autoStage = ","WrapInRegion"
"SentinelRefactoringTools","public async Task<string> SyncInterfaceToImplementation(string filePath, string className, string interfaceName)","SyncInterfaceToImplementation"
"SentinelRefactoringTools","public async Task<string> IntroduceParameterObject(","IntroduceParameterObject"
"SentinelRefactoringTools","public async Task<string> UpdateXmlDocsFromSignature(string filePath, string methodName)","UpdateXmlDocsFromSignature"
"SentinelRefactoringTools","public async Task<string> ConvertExpressionBody(string filePath, string memberName, string direction, string? contextSni","ConvertExpressionBody"
"SentinelRefactoringTools","public async Task<string> ExtractConstant(string filePath, string contextSnippet, string constantName, string visibility","ExtractConstant"
"SentinelRefactoringTools","public async Task<ControlFlowSummary> AnalyzeControlFlow(string filePath, string methodName, string? contextSnippet = nu","AnalyzeControlFlow"
"SentinelRefactoringTools","public async Task<DataFlowSummary> AnalyzeDataFlow(string filePath, string methodName, string? contextSnippet = null, st","AnalyzeDataFlow"
"SentinelRefactoringTools","public async Task<FormatPreviewResult> FormatDocumentPreview(string filePath)","FormatDocumentPreview"
"SentinelWorkspaceTools","public async Task<DependencyEngine.ProjectDependencyReport> ListDependencies(string projectName)","ListDependencies"
"SentinelWorkspaceTools","public async Task<string> LoadSolution(string solutionPath)","LoadSolution"
"SentinelWorkspaceTools","public async Task<HealthReport> Diagnose(string? solutionPath = null, bool verbose = false)","Diagnose"
"SentinelWorkspaceTools","public async Task<DiagnosticReport> ValidateProposedDiff(string filePath, string unifiedDiff)","ValidateProposedDiff"
"SentinelWorkspaceTools","public async Task<DiagnosticReport> ValidateProposedChanges(Dictionary<string, string> changes)","ValidateProposedChanges"
"SentinelWorkspaceTools","public async Task<DiagnosticReport> ValidateStagedChanges(string changeId)","ValidateStagedChanges"
"SentinelWorkspaceTools","public async Task<string> ApplyProposedDiff(string filePath, string unifiedDiff)","ApplyProposedDiff"
"SentinelWorkspaceTools","public async Task<PersistentWorkspaceManager.ApplyChangesResult> ApplyProposedChanges(Dictionary<string, string> changes","ApplyProposedChanges"
"SentinelWorkspaceTools","public async Task<PersistentWorkspaceManager.ApplyChangesResult> RetryFailedChanges(List<string>? specificFiles = null, ","RetryFailedChanges"
"SentinelWorkspaceTools","public async Task<PersistentWorkspaceManager.ApplyChangesResult> ApplyStagedChanges(string changeId, int retryCount = 3)","ApplyStagedChanges"
"SentinelWorkspaceTools","public async Task<DiagnosticSummary> GetFileDiagnostics(string filePath) => await _diagnosticEngine.GetFileDiagnosticsAs","GetFileDiagnostics"
"SentinelWorkspaceTools","public async Task<string> SafeDelete(string filePath, int line, int column)","SafeDelete"
"SentinelWorkspaceTools","public async Task<string> SyncTypeAndFilename(string filePath)","SyncTypeAndFilename"
"SentinelWorkspaceTools","public async Task<string> CreateProject(string projectName, string projectType = ""console"")","CreateProject"
"SentinelWorkspaceTools","public async Task<DiagnosticSummary> GetProjectDiagnostics(string projectName)","GetProjectDiagnostics"
"SentinelWorkspaceTools","public async Task<DiagnosticSummary> GetSolutionDiagnostics()","GetSolutionDiagnostics"
"SentinelWorkspaceTools","public async Task<string> SplitProjectByFolder(string sourceProjectName, string folderName, string targetProjectName)","SplitProjectByFolder"
"SolutionManagementEngine","public async Task<string> CreateProjectAsync(string projectName, string projectType = ""console"", CancellationToken cance","CreateProjectAsync"
"SolutionManagementEngine","public async Task<string> SplitProjectByFolderAsync(string sourceProjectName, string folderName, string targetProjectNam","SplitProjectByFolderAsync"
"StandardRefactoringEngine","public async Task<string> ConvertMethodToPropertyAsync(string filePath, string methodName, CancellationToken cancellatio","ConvertMethodToPropertyAsync"
"StandardRefactoringEngine","public async Task<string> MakeMethodStaticAsync(string filePath, string methodName, CancellationToken cancellationToken ","MakeMethodStaticAsync"
"StandardRefactoringEngine","public async Task<string> InvertBooleanAsync(string filePath, string boolName, CancellationToken cancellationToken = def","InvertBooleanAsync"
"StructuralRefinementEngine","public async Task<string> SyncTypeAndFilenameAsync(string filePath, CancellationToken cancellationToken = default)","SyncTypeAndFilenameAsync"
"StructuralRefinementEngine","public async Task<string> SafeDeleteSymbolAsync(string filePath, int line, int column, CancellationToken cancellationTok","SafeDeleteSymbolAsync"
"SymbolNavigationEngine","public async Task<SymbolHoverInfo?> GetSymbolInfoAsync(string filePath, string contextSnippet, string? lineBefore = null","GetSymbolInfoAsync"
"SymbolNavigationEngine","public async Task<CallGraphNode?> GetCallGraphAsync(","GetCallGraphAsync"
"SymbolNavigationEngine","public async Task<ReverseCallGraphNode?> GetReverseCallGraphAsync(","GetReverseCallGraphAsync"
"SyntaxUpgradeEngine","public async Task<string> UpgradeToModernGuardsAsync(string filePath, CancellationToken ct = default)","UpgradeToModernGuardsAsync"
"SyntaxUpgradeEngine","public async Task<string> AddBracesAsync(string filePath, CancellationToken ct = default)","AddBracesAsync"
"SyntaxUpgradeEngine","public async Task<string> UpgradePatternMatchingAsync(string filePath, CancellationToken ct = default)","UpgradePatternMatchingAsync"
"SyntaxUpgradeEngine","public async Task<string> UseNameofExpressionAsync(string filePath, string contextSnippet, string? lineBefore = null, st","UseNameofExpressionAsync"
"SyntaxUpgradeEngine","public async Task<string> ConvertSwitchToExpressionAsync(string filePath, string methodName, CancellationToken ct = defa","ConvertSwitchToExpressionAsync"
"SyntaxUpgradeEngine","public async Task<string> ConvertSwitchExpressionToStatementAsync(string filePath, CancellationToken ct = default)","ConvertSwitchExpressionToStatementAsync"
"SyntaxUpgradeEngine","public async Task<string> CleanupImplicitSpansAsync(string filePath, CancellationToken ct = default)","CleanupImplicitSpansAsync"
"SyntaxUpgradeEngine","public async Task<string> UseFieldBackedPropertiesAsync(string filePath, CancellationToken ct = default)","UseFieldBackedPropertiesAsync"
"SyntaxUpgradeEngine","public async Task<string> UpgradeToPrimaryConstructorAsync(string filePath, string className, CancellationToken ct = def","UpgradeToPrimaryConstructorAsync"
"SyntaxUpgradeEngine","public async Task<string> UseExceptionExpressionsAsync(string filePath, string methodName, CancellationToken ct = defaul","UseExceptionExpressionsAsync"
"TestingEngine","public async Task<TestComplexityReport> CalculateComplexityAsync(string filePath, string methodName, CancellationToken c","CalculateComplexityAsync"
"TestingEngine","public async Task<TestSkeletonReport> GenerateTestSkeletonAsync(string filePath, string className, string framework = ""N","GenerateTestSkeletonAsync"
"TestingEngine","public async Task<TestScaffoldResult> GenerateTestScaffoldAsync(string filePath, string className, CancellationToken ct ","GenerateTestScaffoldAsync"
"TestingEngine","public async Task<string> AddBenchmarkStubAsync(string filePath, string className, string methodName, CancellationToken ","AddBenchmarkStubAsync"
"ThreadSafetyEngine","public async Task<string> MakeMethodThreadSafeAsync(string filePath, string methodName, string lockFieldName = ""_lock"", ","MakeMethodThreadSafeAsync"
"ThreadSafetyEngine","public async Task<string> ConvertLockToSemaphoreSlimAsync(string filePath, string methodName, CancellationToken cancella","ConvertLockToSemaphoreSlimAsync"
"UniversalRefactoringLibrary","public async Task<string> RunRefactoringAsync(string filePath, string refactoringId, CancellationToken cancellationToken","RunRefactoringAsync"
"ValidationEngine","public async Task<DiagnosticReport> ValidateDiffAsync(string filePath, string unifiedDiff, CancellationToken cancellatio","ValidateDiffAsync"
"ValidationEngine","public async Task<DiagnosticReport> ValidateChangesAsync(Dictionary<string, string> fileChanges, CancellationToken cance","ValidateChangesAsync"
